{"cameraMode":{"drawMode":0,"name":"Shaded","section":"Shading Mode"},"sceneLighting":true,"audioPlay":false,"sceneViewState":{"showFog":true,"showMaterialUpdate":false,"showSkybox":true,"showFlares":true,"showImageEffects":true,"showParticleSystems":true},"in2DMode":false,"pivot":{"x":635.1502075195313,"y":-42.42500686645508,"z":1111.4351806640625},"rotation":{"x":-0.022254683077335359,"y":-0.2224767953157425,"z":0.004996732342988253,"w":-0.9747117757797241},"size":1389.1729736328125,"orthographic":false}