{"cameraMode":{"drawMode":0,"name":"Shaded","section":"Shading Mode"},"sceneLighting":true,"audioPlay":false,"sceneViewState":{"showFog":true,"showMaterialUpdate":false,"showSkybox":true,"showFlares":true,"showImageEffects":true,"showParticleSystems":true},"in2DMode":false,"pivot":{"x":6.5999884605407719,"y":1.2635471820831299,"z":0.0},"rotation":{"x":-0.014262080192565918,"y":-0.08479556441307068,"z":0.001164151355624199,"w":-0.9963445067405701},"size":3.3464858531951906,"orthographic":false}