{"cameraMode":{"drawMode":0,"name":"Shaded","section":"Shading Mode"},"sceneLighting":true,"audioPlay":false,"sceneViewState":{"showFog":true,"showMaterialUpdate":false,"showSkybox":true,"showFlares":true,"showImageEffects":true,"showParticleSystems":true},"in2DMode":false,"pivot":{"x":17.092378616333009,"y":10.332249641418457,"z":7.2082390785217289},"rotation":{"x":-0.06758896261453629,"y":0.9252925515174866,"z":-0.19751915335655213,"w":-0.3166253864765167},"size":10.854043006896973,"orthographic":false}